#expiry,strike,right,open,high,low,close,volume,open_interest,implied_volatility,delta,gamma,vega,theta,rho
,,,3764.61,3769.99,3764.61,3766.63,59,,,,,,,
20210115,3200,C,516.0400,516.0400,485.0900,487.5100,13,11755,0.4619231,0.9652723,0.0002447,0.4380682,0.2202171,0.8748013
20210115,3700,C,90.9700,90.9700,40.4000,48.9300,1261,48148,0.2258280,0.4714948,0.0028264,2.4734280,-2.1115168,0.4812076
20210115,3800,C,28.0600,28.0600,8.5400,10.6000,4198,27854,0.1845647,0.1710696,0.0022125,1.5823794,-1.1973859,0.1768140
20210115,4250,C,0.1500,5.3000,0.1000,0.1000,0,6,0.2890618,0.0019303,0.0000342,0.0382723,-0.0509830,0.0020001
20210115,3200,P,2.0800,4.9000,1.9000,3.5000,1395,31651,0.4619231,-0.0312014,0.0002447,0.4380682,-1.0147179,-0.0338099
20210115,4200,P,503.8000,503.8000,503.8000,503.8000,1,30,0.2717808,-0.9940544,0.0000446,0.0469646,-1.2866707,-1.1900442
