#expiry,strike,right,open,high,low,close,volume,open_interest,implied_volatility,delta,gamma,vega,theta,rho
,,,3764.61,3769.99,3662.71,3700.65,0,,,,,,,
20210115,3200,C,603.8900,614.3200,603.8900,614.3200,25,11755,0.8398636,0.9973320,0.0000364,0.0156603,0.7541494,0.1193241
20210115,3700,C,98.4500,120.1700,98.4500,120.1700,27,48148,1.2665766,0.5137630,0.0013912,0.9017208,-41.2121168,0.0668275
20210115,3800,C,18.8000,29.2000,15.0000,23.0000,26437,27854,0.6610997,0.2588705,0.0021640,0.7321359,-17.4147857,0.0349591
20210115,4250,C,0.0500,0.0500,0.0500,0.0500,0,6,0.7358206,0.0010913,0.0000219,0.0082545,-0.2212022,0.0001491
20210115,3200,P,0.0500,0.1000,0.0500,0.0500,68,31651,0.8398636,-0.0022030,0.0000364,0.0156603,-0.4846456,-0.0003095
20210115,4200,P,503.8000,503.8000,503.8000,503.8000,0,30,0.7023925,-0.9978755,0.0000337,0.0121061,-1.5414636,-0.1567923
