#expiry,strike,right,open,high,low,close,volume,open_interest,implied_volatility,delta,gamma,vega,theta,rho
,,,3764.61,3769.99,3662.71,3700.65,0,,,,,,,
20210115,3200,C,564.9000,564.9000,564.9000,564.9000,0,11755,0.4405348,0.9914826,0.0000832,0.0873516,0.9264942,0.5537901
20210115,3700,C,126.6000,127.9100,99.1000,124.0000,2269,48148,0.0112206,0.0939952,0.0306332,0.8190282,0.0439789,0.0606122
20210115,3800,C,40.5900,46.1200,25.1000,40.6000,12314,27854,0.4230661,0.3133939,0.0017161,1.7300008,-5.3622060,0.1951510
20210115,4250,C,0.0500,0.0500,0.0500,0.0500,2,6,0.3656949,0.0019460,0.0000347,0.0302156,-0.0844004,0.0012383
20210115,3200,P,0.5000,0.5700,0.4500,0.4600,370,31651,0.4405348,-0.0063505,0.0000832,0.0873516,-0.3101549,-0.0041764
20210115,4200,P,503.8000,503.8000,503.8000,503.8000,0,30,0.3291572,-0.9961919,0.0000330,0.0258792,-1.2946909,-0.7312851
