#right,strike,expiry,open,high,low,close,volume,open_interest,implied_volatility,delta,gamma,vega,theta,rho
,,,3700.65,3700.65,3700.65,3700.65,60,,,,,,,
C,3200,20210115,518.8800,537.5000,499.9000,530.1800,6,11755,0.4440336,0.9759707,0.0001910,0.2970709,0.5053173,0.8006304
C,3700,20210115,55.6900,71.0000,53.6700,68.4000,1395,48148,0.1400472,0.4506512,0.0047710,2.3402005,-1.1927088,0.4207158
C,3800,20210115,12.3200,16.5800,10.9000,16.0000,5858,27854,0.2226367,0.2075110,0.0021727,1.6941527,-1.7572896,0.1931222
C,4250,20210115,0.1000,30.0000,0.1000,0.1000,0,6,0.3034342,0.0019334,0.0000343,0.0364323,-0.0566342,0.0018100
P,3200,20210115,3.3000,3.3000,2.1000,2.1100,494,31651,0.4440336,-0.0208426,0.0001910,0.2970709,-0.7300460,-0.0203215
P,4200,20210115,503.8000,503.8000,503.8000,503.8000,0,30,0.2804501,-0.9947342,0.0000396,0.0389179,-1.2842195,-1.0755510
