#expiry,strike,right,open,high,low,close,volume,open_interest,implied_volatility,delta,gamma,vega,theta,rho
,,,3764.61,3769.99,3662.71,3700.65,0,,,,,,,
20210115,3200,C,605.6700,605.6700,601.7800,601.7800,31,11755,0.5874554,0.9939969,0.0000676,0.0500581,0.7949284,0.2932836
20210115,3700,C,102.4300,117.1700,102.4300,114.2000,165,48148,0.0400669,0.4029496,0.0271984,1.3741224,-0.3201275,0.1370797
20210115,3800,C,26.9000,39.0000,26.9000,27.8300,27298,27854,0.4719319,0.2783378,0.0020029,1.1918704,-8.0146555,0.0923492
20210115,4250,C,0.0500,0.0500,0.0500,0.0500,0,6,0.4706538,0.0010861,0.0000217,0.0129034,-0.0889065,0.0003659
20210115,3200,P,0.3000,0.3200,0.2500,0.3200,522,31651,0.5874554,-0.0048570,0.0000676,0.0500581,-0.4430077,-0.0016868
20210115,4200,P,503.8000,503.8000,503.8000,503.8000,0,30,0.4494784,-0.9972017,0.0000334,0.0189329,-1.3555075,-0.3865919
