#right,strike,expiry,open,high,low,close,volume,open_interest,implied_volatility,delta,gamma,vega,theta,rho
,,,3814.98,3823.6,3792.86,3795.54,24599,,,,,,,
C,3200,20210115,603.8900,614.3200,603.8900,614.3200,0,11749,1.8434322,0.9983204,0.0000228,0.0060502,-0.2599933,0.0319034
C,3700,20210115,120.5000,120.7100,100.6700,100.6700,20,48028,0.4372619,0.9672057,0.0013921,0.0875818,-4.0253190,0.0357123
C,3800,20210115,24.8700,27.3700,10.4500,10.4500,22756,46997,0.2633531,0.4397107,0.0124841,0.4730351,-16.5271413,0.0165674
C,4250,20210115,0.0500,0.0500,0.0500,0.0500,0,9,1.1791851,0.0012670,0.0000296,0.0050169,-0.8097181,0.0000475
P,3200,20210115,0.0500,0.0500,0.0500,0.0500,1716,32508,1.8434322,-0.0015554,0.0000228,0.0060502,-1.5315554,-0.0000600
P,4200,20210115,503.8000,503.8000,503.8000,503.8000,0,30,1.1053321,-0.9979164,0.0000469,0.0074650,-2.3938388,-0.0418784
