#expiry,strike,right,open,high,low,close,volume,open_interest,implied_volatility,delta,gamma,vega,theta,rho
,,,3764.61,3769.99,3662.71,3700.65,0,,,,,,,
20210115,3200,C,564.9000,564.9000,564.9000,564.9000,1,11755,0.4680360,0.9769090,0.0001870,0.2739321,0.4443980,0.7156646
20210115,3700,C,49.5400,98.0000,48.4900,81.0000,7897,48148,0.0964105,0.4304591,0.0072778,2.1958149,-0.7333089,0.3611566
20210115,3800,C,7.7000,25.6000,7.2000,20.2000,7947,27854,0.2742117,0.2460478,0.0020542,1.7628224,-2.5852297,0.2036230
20210115,4250,C,0.0500,0.0500,0.0500,0.0500,1,6,0.3327174,0.0027245,0.0000451,0.0469777,-0.0900630,0.0022762
20210115,3200,P,1.4000,1.4000,0.9200,1.1500,303,31651,0.4680360,-0.0202442,0.0001870,0.2739321,-0.7913937,-0.0176267
20210115,4200,P,503.8000,503.8000,503.8000,503.8000,0,30,0.2960252,-0.9950705,0.0000398,0.0368377,-1.2915531,-0.9607016
