#expiry,strike,right,open,high,low,close,volume,open_interest,implied_volatility,delta,gamma,vega,theta,rho
,,,3764.61,3769.99,3662.71,3700.65,0,,,,,,,
20210115,3200,C,604.6300,604.6600,604.4500,604.4500,6,11755,0.6480195,0.9966241,0.0000413,0.0237018,0.9104129,0.2066766
20210115,3700,C,108.4500,113.0300,85.9600,99.3800,195,48148,0.0192658,0.3460582,0.0642976,1.0981189,-0.0196341,0.0828777
20210115,3800,C,27.4000,29.5300,15.9800,22.4600,9325,27854,0.5070817,0.2582686,0.0021411,0.9624415,-10.0003483,0.0604241
20210115,4250,C,0.0500,0.0500,0.0500,0.0500,0,6,0.5601792,0.0010883,0.0000218,0.0108376,-0.1270280,0.0002577
20210115,3200,P,0.2500,0.3000,0.1500,0.1500,430,31651,0.6480195,-0.0025703,0.0000413,0.0237018,-0.3279526,-0.0006259
20210115,4200,P,503.8000,503.8000,503.8000,503.8000,0,30,0.5348209,-0.9975401,0.0000335,0.0158902,-1.4091731,-0.2716929
