#expiry,strike,right,open,high,low,close,volume,open_interest,implied_volatility,delta,gamma,vega,theta,rho
,,,112.0000,112.8000,110.3500,110.4900,49746473,,,,,,,
20160115,100,C,13.2500,13.5000,11.4000,11.4750,830,86941,0.3581438,0.8482556,0.0209236,0.0785552,-0.0455946,-0.0049675
